timestamp,config,size,model,run_name,status,elapsed_min
2026-06-17 23:42,baseline,30k,yolo11l,baseline_30k_yolo11l_adamw_100ep,OK,295.2
2026-06-18 04:39,t_10,30k,yolo11l,t_10_30k_yolo11l_adamw_100ep,OK,297.3
2026-06-18 11:37,baseline,30k,yolo11l,baseline_30k_yolo11l_adamw_100ep,OK,294.9
2026-06-18 16:33,t_10,30k,yolo11l,t_10_30k_yolo11l_adamw_100ep,OK,295.8
2026-06-18 22:25,v_low,30k,yolo11l,v_low_30k_yolo11l_adamw_100ep,OK,248.2
2026-06-19 03:21,v_mid,30k,yolo11l,v_mid_30k_yolo11l_adamw_100ep,OK,295.6
2026-06-19 08:17,h_off,30k,yolo11l,h_off_30k_yolo11l_adamw_100ep,OK,295.1
2026-06-19 13:13,s_off,30k,yolo11l,s_off_30k_yolo11l_adamw_100ep,OK,295.9
2026-06-19 18:09,i_1,30k,yolo11l,i_1_30k_yolo11l_adamw_100ep,OK,295.7
2026-06-19 22:45,t_5,30k,yolo11l,t_5_30k_yolo11l_adamw_100ep,OK,275.0
2026-06-20 02:42,n_0,30k,yolo11l,n_0_30k_yolo11l_adamw_100ep,OK,236.3
2026-06-20 07:37,n_30,30k,yolo11l,n_30_30k_yolo11l_adamw_100ep,OK,295.2
2026-06-20 12:33,inv_off,30k,yolo11l,inv_off_30k_yolo11l_adamw_100ep,OK,295.5
2026-06-20 17:29,sun_off,30k,yolo11l,sun_off_30k_yolo11l_adamw_100ep,OK,295.7
2026-06-20 22:26,yaw_off,30k,yolo11l,yaw_off_30k_yolo11l_adamw_100ep,OK,295.7
2026-06-21 03:22,pen_off,30k,yolo11l,pen_off_30k_yolo11l_adamw_100ep,OK,295.6
2026-06-21 07:04,baseline,30k,yolo11n,baseline_30k_yolo11n_adamw_100ep,OK,131.3
2026-06-21 09:10,sun_off,30k,yolo11n,sun_off_30k_yolo11n_adamw_100ep,OK,125.4
2026-06-21 11:16,t_10,30k,yolo11n,t_10_30k_yolo11n_adamw_100ep,OK,125.3
2026-06-21 13:22,n_0,30k,yolo11n,n_0_30k_yolo11n_adamw_100ep,OK,126.3
2026-06-21 15:42,baseline,30k,yolo11s,baseline_30k_yolo11s_adamw_100ep,OK,139.1
2026-06-21 18:01,sun_off,30k,yolo11s,sun_off_30k_yolo11s_adamw_100ep,OK,138.2
2026-06-21 20:20,t_10,30k,yolo11s,t_10_30k_yolo11s_adamw_100ep,OK,138.8
2026-06-21 22:40,n_0,30k,yolo11s,n_0_30k_yolo11s_adamw_100ep,OK,139.0
2026-06-22 01:57,baseline,20k,yolo11l,baseline_20k_yolo11l_adamw_100ep,OK,197.1
2026-06-22 03:37,baseline,10k,yolo11l,baseline_10k_yolo11l_adamw_100ep,OK,99.5
2026-06-22 06:54,sun_off,20k,yolo11l,sun_off_20k_yolo11l_adamw_100ep,OK,197.3
2026-06-22 08:25,sun_off,10k,yolo11l,sun_off_10k_yolo11l_adamw_100ep,OK,89.7
2026-06-22 09:31,baseline,20k,yolo11s,baseline_20k_yolo11s_adamw_100ep,OK,65.5
2026-06-22 10:14,baseline,10k,yolo11s,baseline_10k_yolo11s_adamw_100ep,OK,43.3
2026-06-22 11:41,sun_off,20k,yolo11s,sun_off_20k_yolo11s_adamw_100ep,OK,86.1
2026-06-22 12:25,sun_off,10k,yolo11s,sun_off_10k_yolo11s_adamw_100ep,OK,43.3
2026-06-22 13:26,baseline,20k,yolo11n,baseline_20k_yolo11n_adamw_100ep,OK,60.5
2026-06-22 14:07,baseline,10k,yolo11n,baseline_10k_yolo11n_adamw_100ep,OK,41.0
2026-06-22 15:33,sun_off,20k,yolo11n,sun_off_20k_yolo11n_adamw_100ep,OK,85.6
2026-06-22 16:16,sun_off,10k,yolo11n,sun_off_10k_yolo11n_adamw_100ep,OK,42.0
2026-06-23 04:00,baseline,30k,yolo11l,baseline_30k_yolo11l_adamw_100ep_seed43,OK,294.9
2026-06-23 08:56,h_off,30k,yolo11l,h_off_30k_yolo11l_adamw_100ep_seed43,OK,295.6
2026-06-23 13:52,t_10,30k,yolo11l,t_10_30k_yolo11l_adamw_100ep_seed43,OK,295.9
2026-06-23 18:48,sun_off,30k,yolo11l,sun_off_30k_yolo11l_adamw_100ep_seed43,OK,295.7
2026-06-23 23:45,n_30,30k,yolo11l,n_30_30k_yolo11l_adamw_100ep_seed43,OK,295.6
2026-06-24 04:41,inv_off,30k,yolo11l,inv_off_30k_yolo11l_adamw_100ep_seed43,OK,295.9
2026-06-24 09:47,baseline,30k,yolo11l,baseline_30k_yolo11l_adamw_100ep_seed44,OK,180.7
2026-06-24 14:47,h_off,30k,yolo11l,h_off_30k_yolo11l_adamw_100ep_seed44,OK,299.9
2026-06-24 19:35,t_10,30k,yolo11l,t_10_30k_yolo11l_adamw_100ep_seed44,OK,287.3
2026-06-25 00:31,sun_off,30k,yolo11l,sun_off_30k_yolo11l_adamw_100ep_seed44,OK,295.4
2026-06-25 05:27,n_30,30k,yolo11l,n_30_30k_yolo11l_adamw_100ep_seed44,OK,295.8
2026-06-25 10:11,inv_off,30k,yolo11l,inv_off_30k_yolo11l_adamw_100ep_seed44,OK,283.8
2026-06-25 17:35,baseline,30k,yolo11l,baseline_30k_yolo11l_adamw_100ep_seed45,OK,294.9
2026-06-25 22:32,h_off,30k,yolo11l,h_off_30k_yolo11l_adamw_100ep_seed45,OK,296.1
2026-06-26 03:29,t_10,30k,yolo11l,t_10_30k_yolo11l_adamw_100ep_seed45,OK,296.3
2026-06-26 08:25,sun_off,30k,yolo11l,sun_off_30k_yolo11l_adamw_100ep_seed45,OK,295.7
2026-06-26 12:13,n_30,30k,yolo11l,n_30_30k_yolo11l_adamw_100ep_seed45,OK,227.9
2026-06-26 17:17,inv_off,30k,yolo11l,inv_off_30k_yolo11l_adamw_100ep_seed45,OK,303.5
2026-06-27 00:36,baseline,30k,yolo11l,baseline_30k_yolo11l_adamw_100ep_seed46,OK,300.3
2026-06-27 05:47,h_off,30k,yolo11l,h_off_30k_yolo11l_adamw_100ep_seed46,OK,309.7
2026-06-27 10:57,t_10,30k,yolo11l,t_10_30k_yolo11l_adamw_100ep_seed46,OK,309.6
2026-06-27 16:01,sun_off,30k,yolo11l,sun_off_30k_yolo11l_adamw_100ep_seed46,OK,303.6
2026-06-27 21:12,n_30,30k,yolo11l,n_30_30k_yolo11l_adamw_100ep_seed46,OK,310.5
2026-06-28 02:22,inv_off,30k,yolo11l,inv_off_30k_yolo11l_adamw_100ep_seed46,OK,310.0
